type_f1_mode,dataset,model,metric,n_datasets,datasets,n_bootstrap,seed,observed,ci_low,ci_high,bootstrap_mean
binary,external_macro_average,claude_opus_4_6,action_f1,4,cfps2018_new;chfs2017_new;chip2018_new;clds2018_new,10000,42,0.9885099759194571,0.9838422760552246,0.9927574757441362,0.9885274109836518
binary,external_macro_average,claude_opus_4_6,type_f1,4,cfps2018_new;chfs2017_new;chip2018_new;clds2018_new,10000,42,0.4482534859422543,0.38247533012293644,0.5106094964117064,0.4470311577640014
binary,external_macro_average,claude_opus_4_6,composite_f1,4,cfps2018_new;chfs2017_new;chip2018_new;clds2018_new,10000,42,0.772407379928576,0.7461101605386631,0.7974398270799639,0.7719289096957916
binary,external_macro_average,claude_sonnet_4_5,action_f1,4,cfps2018_new;chfs2017_new;chip2018_new;clds2018_new,10000,42,0.8823551774227423,0.8687891317306469,0.8957674863426611,0.8823100552697634
binary,external_macro_average,claude_sonnet_4_5,type_f1,4,cfps2018_new;chfs2017_new;chip2018_new;clds2018_new,10000,42,0.41491980395951544,0.3499982342295682,0.47601136232433405,0.41363306450629916
binary,external_macro_average,claude_sonnet_4_5,composite_f1,4,cfps2018_new;chfs2017_new;chip2018_new;clds2018_new,10000,42,0.6953810280374515,0.6678237749671375,0.7209674184472735,0.6948392589643776
binary,external_macro_average,claude_sonnet_4_6,action_f1,4,cfps2018_new;chfs2017_new;chip2018_new;clds2018_new,10000,42,0.927643692353015,0.9159988527055051,0.9387616316813143,0.927621739641538
binary,external_macro_average,claude_sonnet_4_6,type_f1,4,cfps2018_new;chfs2017_new;chip2018_new;clds2018_new,10000,42,0.43952384753867335,0.37211028729306805,0.5023820053775556,0.43811010484685103
binary,external_macro_average,claude_sonnet_4_6,composite_f1,4,cfps2018_new;chfs2017_new;chip2018_new;clds2018_new,10000,42,0.7323957544272783,0.7044471757762616,0.7578137502099981,0.7318170857236631
binary,external_macro_average,correct_only,action_f1,4,cfps2018_new;chfs2017_new;chip2018_new;clds2018_new,10000,42,0.8790577565180862,0.8631764924582536,0.8937943599286364,0.8789920644396528
binary,external_macro_average,correct_only,type_f1,4,cfps2018_new;chfs2017_new;chip2018_new;clds2018_new,10000,42,0.5258811566861409,0.45475761965956246,0.5908218457614234,0.5243389498816279
binary,external_macro_average,correct_only,composite_f1,4,cfps2018_new;chfs2017_new;chip2018_new;clds2018_new,10000,42,0.737787116585308,0.7079716086616659,0.7646283821621542,0.7371308186164429
binary,external_macro_average,deepseek_v4_pro,action_f1,4,cfps2018_new;chfs2017_new;chip2018_new;clds2018_new,10000,42,0.932894468610213,0.9217726029968922,0.9429545440133283,0.9328893792992403
binary,external_macro_average,deepseek_v4_pro,type_f1,4,cfps2018_new;chfs2017_new;chip2018_new;clds2018_new,10000,42,0.33804191687823404,0.27290117632630206,0.3972926807529664,0.33651678980095284
binary,external_macro_average,deepseek_v4_pro,composite_f1,4,cfps2018_new;chfs2017_new;chip2018_new;clds2018_new,10000,42,0.6949534479174213,0.6679855946358576,0.7194490602619371,0.6943403434999252
binary,external_macro_average,flexpension,action_f1,4,cfps2018_new;chfs2017_new;chip2018_new;clds2018_new,10000,42,0.9336531478920902,0.9225368711758439,0.9441993520070011,0.9336025977492296
binary,external_macro_average,flexpension,type_f1,4,cfps2018_new;chfs2017_new;chip2018_new;clds2018_new,10000,42,0.48664792882667607,0.41574174873804226,0.5524851952091027,0.48523345569481263
binary,external_macro_average,flexpension,composite_f1,4,cfps2018_new;chfs2017_new;chip2018_new;clds2018_new,10000,42,0.7548510602659245,0.725595775968634,0.7818060561235602,0.7542549409274627
binary,external_macro_average,gemini_3_1_pro_preview,action_f1,4,cfps2018_new;chfs2017_new;chip2018_new;clds2018_new,10000,42,0.9505618949004605,0.9421534922078378,0.9589831556100501,0.9506278963956795
binary,external_macro_average,gemini_3_1_pro_preview,type_f1,4,cfps2018_new;chfs2017_new;chip2018_new;clds2018_new,10000,42,0.48191899187028725,0.4181971619076183,0.5422590206207848,0.48131211594642026
binary,external_macro_average,gemini_3_1_pro_preview,composite_f1,4,cfps2018_new;chfs2017_new;chip2018_new;clds2018_new,10000,42,0.7631047336883912,0.7372791015130047,0.7875852711889125,0.7629015842159758
binary,external_macro_average,gpt_5_4,action_f1,4,cfps2018_new;chfs2017_new;chip2018_new;clds2018_new,10000,42,0.9140128137158665,0.9042699247907853,0.92376176850461,0.9141288801837331
binary,external_macro_average,gpt_5_4,type_f1,4,cfps2018_new;chfs2017_new;chip2018_new;clds2018_new,10000,42,0.3744531793141092,0.3306108957731307,0.4173056482629598,0.374342983692846
binary,external_macro_average,gpt_5_4,composite_f1,4,cfps2018_new;chfs2017_new;chip2018_new;clds2018_new,10000,42,0.6981889599551635,0.6793348916357439,0.71659398636368,0.6982145215873783
binary,external_macro_average,minimax_m2_5,action_f1,4,cfps2018_new;chfs2017_new;chip2018_new;clds2018_new,10000,42,0.8971109843608691,0.8843450600353165,0.90989458191173,0.8971926343264147
binary,external_macro_average,minimax_m2_5,type_f1,4,cfps2018_new;chfs2017_new;chip2018_new;clds2018_new,10000,42,0.40535460567001086,0.34774669181788803,0.4606544590273251,0.40463340902258593
binary,external_macro_average,minimax_m2_5,composite_f1,4,cfps2018_new;chfs2017_new;chip2018_new;clds2018_new,10000,42,0.7004084328845258,0.6761970824204927,0.7236003529203843,0.7001689442048832
binary,external_macro_average,qwen3_7_plus,action_f1,4,cfps2018_new;chfs2017_new;chip2018_new;clds2018_new,10000,42,0.9449074635081746,0.9348058755981461,0.9544127917425652,0.9449364592936039
binary,external_macro_average,qwen3_7_plus,type_f1,4,cfps2018_new;chfs2017_new;chip2018_new;clds2018_new,10000,42,0.38663738889372157,0.32207884044160323,0.4484862625698806,0.3854250348862309
binary,external_macro_average,qwen3_7_plus,composite_f1,4,cfps2018_new;chfs2017_new;chip2018_new;clds2018_new,10000,42,0.7215994336623934,0.6950541070955638,0.7467366418525527,0.7211318895306548
binary,external_macro_average,qwen_zs,action_f1,4,cfps2018_new;chfs2017_new;chip2018_new;clds2018_new,10000,42,0.894661669841213,0.8841903172819396,0.905360790760077,0.8948384636808725
binary,external_macro_average,qwen_zs,type_f1,4,cfps2018_new;chfs2017_new;chip2018_new;clds2018_new,10000,42,0.25262605042016806,0.18185988643263964,0.3208242008811259,0.25081591058865754
binary,external_macro_average,qwen_zs,composite_f1,4,cfps2018_new;chfs2017_new;chip2018_new;clds2018_new,10000,42,0.637847422072795,0.6089022748727504,0.6660320152842679,0.6372294424439864
